"gene"	"pval.treatment"	"pval.position"	"pval.treatment_x_position"	"adj.pval.treatment"	"adj.pval.position"	"adj.pval.treatment_x_position"
"PGEN_00000039"	3.51971552308883e-05	3.53631048247572e-96	0.000109172252381433	0.000563154483694213	8.08299538851592e-96	0.000291126006350487
"PGEN_00000498"	0.00294557811788144	8.3606741413546e-43	0.249623201263445	0.0235646249430515	1.67213482827092e-42	0.332830935017927
"PGEN_00000451"	0.0061866906738775	5.15079657600454e-07	0.24525843709259	0.0329956835940134	6.86772876800605e-07	0.332830935017927
