"","category","over_represented_pvalue","under_represented_pvalue","numDEInCat","numInCat","term","ontology"
"155","GO:0005509",0.0464511938339777,0.988551477210337,4,147,"calcium ion binding","MF"
"149","GO:0004518",0.0165563203514849,0.999023365374251,2,23,"nuclease activity","MF"
"145","GO:0001227",0.0256498421875525,0.999779683080035,1,3,"DNA-binding transcription repressor activity, RNA polymerase II-specific","MF"
"148","GO:0004095",0.0155321022877651,0.999939635142523,1,2,"carnitine O-palmitoyltransferase activity","MF"
"150","GO:0004620",0.0265078522106793,0.999764604850967,1,3,"phospholipase activity","MF"
"151","GO:0004758",0.038306643989057,0.999444577164424,1,4,"serine C-palmitoyltransferase activity","MF"
"152","GO:0005109",0.042585754541011,0.999266974257944,1,5,"frizzled binding","MF"
"153","GO:0005234",0.0101754087071471,1,1,1,"extracellularly glutamate-gated ion channel activity","MF"
"154","GO:0005502",0.0159145912116247,0.999936613130736,1,2,"11-cis retinal binding","MF"
