"gene"	"scaffold"	"start"	"stop"	"pval.treatment"	"pval.position"	"pval.treatment_x_position"	"adj.pval.treatment"	"adj.pval.position"	"adj.pval.treatment_x_position"	"uniprot.id"	"blastx.eval"	"score"
"PGEN_00000114"	"PGA_scaffold17__51_contigs__length_34923512"	4818210	4842128	3.65896977557613e-05	2.18851988177621e-127	0.30340138873769	0.000987921839405555	7.38625460099472e-127	0.511989843494852	"sp|B3EWZ8|ECT_ACRMI"	1.26e-13	72
"PGEN_00000981"	"PGA_scaffold18__69_contigs__length_27737463"	3671325	3676386	0.00138974705978347	0.773897264365593	0.621477620910118	0.0250154470761025	0.87459279917309	0.806396354891848	NA	NA	NA
"PGEN_00001153"	"PGA_scaffold18__69_contigs__length_27737463"	9064912	9066235	7.64755147960405e-07	0.000547618965758762	0.944142265380285	4.12967779898619e-05	0.00118285696603893	0.993663435437992	NA	NA	NA
